SKU,Number
BK-ACC-REFIT-500W-10AH-AK,2.0
PARTS-SC-A11-SA-CHARGER,1.0
BUNKBED-ZY-QN-WHT,6.0
DH25-AK,12.0
extened 1 year warranty,8.0
STC-MN-BS021-BLK,1.0
EXT-WTY-3-M,1.0
BK-MONT-AKEZ002-GRY-RED-250W,1.0
MDF06FOLD-JXY-06FLD-BLU,2.0
ST05BLK-AK,3.0
SP09-CL-9BALL-BLU-ABCDEFGHI,2.0
ESCOT-LX-OFFRD-KT-BLK,1.0
CONVERT07BLU-DQ-P024-4IN1-ABC,6.0
FPACC,3.0
WALCCS,5.0
FIT-DBELL-FH-SLVBAR-CCSET-10KG,1.0
RCAR-TB-4WD12V-BWHT,4.0
PROACC,9.0
RAINBOW-YX-SMALL-JUMP-BED,1.0
BUNKBED-XC-DB002-GRY,3.0
MDF8IN104-RQ-548222-GRY,1.0
TRAMPO-MERSCO-CT120BS-SC,5.0
ESCOT-YD-SM20AD70-BLK,2.0
MSCOT-LX-YL-211-RED-BLK,2.0
FIT-CHINUP-AOXIN-T058,5.0
CUE9B-KL-KL08-REDBLUBLK,1.0
MDF08FOLDGRE-AK,3.0
MAT-ZR-GEYIN20MM-BLK,9.0
FIT-DBELL-FH-SET-20KG,17.0
FIT-CHINUP-AOXIN-T056,37.0
FIT-XT-BCH-SQ-018,6.0
BK-1688-ZT12-KHAKI,5.0
MSPA-C-TE041,12.0
2DHS4002,2.0
PRIMO188-AK,7.0
MDF07-DQ-P028-BLK-ABC,4.0
BH-CT,2.0
TRAMPO-MERSCO-RT-MSG-TX-9X12FT,5.0
MDF07-JXY-WINSTON-3IN1-AK,1.0
TRAMPO-FJ-12FT3A-SC,2.0
FIT-DBELL-ZJ-AUTO-SET-40KGX2,9.0
BUNKBED-ZY-DB-WHT,9.0
TRAMPO-MERSCO-RT-MSG-TX-8X11FT,2.0
TRAMPO-MERSCO-JMAT-8X11FT,1.0
BK-TBICOLOUR-20INCH7S-CLFBLU,7.0
PKT07-DQ-OVAL-LED-PK018,1.0
ESCOT-M365MAX-SA-A3-BLK,2.0
CART-TB-WOP-BLK,1.0
DH16BLU-AK,4.0
COMPACC,8.0
BK-SNOW-LX-R1ZCC-BLK,4.0
WCF-ALBB-LUP16D-BLK,1.0
SLIDE-TB-MUL-CLF,1.0
FIT-DBELL-FH-SET-30KG,5.0
BACC-RX-HELMET-WHT-RED,1.0
ESCOT-HY-C07-ORG,3.0
PRIMO16-P-AK,3.0
TRAMPO-TBJHSYWY-6G1D55M-BLKBLU,1.0
KIS543A,1.0
MC-KPR-MC612-ORG,1.0
ESCOT-WS-H2-BLU,1.0
2CUE48,4.0
ESCOT-XS-W10-BLK,3.0
BK-PMK-PET008-BLK,2.0
ST05-JXY-5012-ORG,2.0
BK-TBICOLOUR-20INCH7S-CLFPNK,7.0
MDF056-RQ-266221-WBLK,1.0
EXT-WTY-1-S,4.0
BK-MONT-AKEZ007-1PALU-GRY,1.0
TMILL-AOXIN-T200-SLV,1.0
SCHAIR-TB-H195CM-BIRCH,1.0
TRAMPO-MERSCO-INCH48-4FLD-BBLU,3.0
RCAR-TB-4WD12V-BRED,3.0
ESCOT-YD-13ACC2-WHTBLK,1.0
SPWAL08RED-AK,1.0
MC-KPR-MCA8-WHT,1.0
EXT-WTY-MC-1,1.0
TRAMPO-MERSCO-RT-MSG-TX-7X10FT,2.0
8MARK,1.0
DH19BLK-AK,1.0
BK-TB-20INCH3W-BEIGE,3.0
PBED-MN-MN014-GRY,3.0
FIT-CY-YOGA-BED-BEIGE,2.0
FIT-CY-YOGA-BED-BLK,6.0
AH10-7-AK,1.0
BK-ACC-FRAMEBAG-TRIANG-BLK-RED,1.0
PARTS-SC-LX-SWITCH-LIG-SPK,2.0
CHAIR-ALBB-YY6580-PNK,6.0
214PB,5.0
PBED-MN-MN002-GRY,2.0
FOLDSHED-TB-5D6M-SLVGRY,1.0
FIT-AK-M6-1A1B1C1D2E,2.0
RAINBOW-AK,1.0
FIT-AOXIN-021DZ,2.0
DHS5002,5.0
DHS2WB-6,1.0
CHAIR-TBLSG-SJPLUS-WHT,6.0
DH19BLU-AK,9.0
CUE9B-KL-HQ10F-BLUBLK,1.0
FIT-DBELL-ZJ-AUTO-SET-40KG,4.0
ESCOT-LX-M365ST-BLK,1.0
TT-TRA-SCBASE-WBAT,1.0
TRAMPO-TB-UP40IN-BLK,2.0
TRAMPO-MERSCO-CT160BS,4.0
ST4IN1-WAL,3.0
ROOFTOP-215BLK-GRE,2.0
BUNKBED-CD-DBSGS-BLU,3.0
BK-TBYX-26INCH21S-WHTBLU,1.0
ESCOT-M365PRO-SA-A11-BLK,3.0
MDF08JDBLU-AK,1.0
BK-SNOW-AKEZ-48V1P-WHT,3.0
ESCOT-LX-OFFRD-11SQ-SEAT-AKEZ,13.0
EXT-WTY-ESCOT-1-M,1.0
SUP-YJ-INFLT-BOARD-01G-BWGRE,10.0
FOLDSHED-ALBB-SEMIATO-GRY,1.0
SP08-WB-PIERCE-ABCDEFS,3.0
KB,3.0
SPBK08BLU-AK,4.0
,0.0
AH036-RQ-142221-GRY,1.0
MDF08LM-DQ-BLK-AK,1.0
TRAMPO-TB-360D-PUR,1.0
BIKE-ELLIP-AX-QM1001-BLK,3.0
BUNKBED-ZY-QN-BLUWHT,1.0
FURNI-CT-HT2F5S26-BS-SGM-WHT,1.0
MDF07BLK-DQ-P031-GRE,3.0
TRAMPO-MERSCO-CT100BS-SC,1.0
TMILL-AOXIN-5668,1.0
FIT-DBELL-FH-WPLATE-7.5KGx2,1.0
MDF07TT-JXY-002-BLK,5.0
FS-BIKE-SCOOTER,778.99
FE-YM-TR-20-PUP,10.0
ESCOT-YD-13ACC2-BLKBLK,1.0
BK-MONT-AKEZ-PREM-SPK-BLK,1.0
FIT-DBELL-FH-WPLATE-15KG,6.0
CONVERT07BLK-DQ-P024-4IN1-ABC,1.0
TT-BATS-PRIME-A03,1.0
COVER-TT-UP-BLK,7.0
TT-BCN-HAND,1.0
MC-YJ-S9-WCOF,1.0
TTABLE-ALBB-L120CM-BEIGE,2.0
MACECUE-CASE-PACK,5.0
PL-ACC-CHALK-TB-BLU,2.0
QRACK-MAH-6C,1.0
MDF3IN108-JXY-WST-BLK-AK,2.0
2DHS5002,2.0
DHS3OB-6,1.0
N-AH08-DQ-A019-AK,2.0
HOUSE-TB-H240CM-WHT,1.0
LM-HC-224CC-YLW,1.0
LBRU-OAK,1.0
MDF07WRED-AK,3.0
SP07-WYJ-WYJ03-GRYRED,1.0
EXT-WTY-E-BK-1,1.0
5DHS1OB-6,1.0
COVER-TT-UP-GREY-HD,2.0
2DHS3002,2.0
SOFA-TB-SINGLE-BLK,2.0
AH03520IN1-TB-M4875020N-BGRE,1.0
FIT-FH-SQ-RACK-002-WHT,1.0
MSCOT-LX-OP01S-BLK-RED,4.0
WCF-ALBB-YS13846-BLK,1.0
ESCOT-YD-13ADD1-WHT,1.0
ESCOT-LX-ABL-KID-BLK,1.0
DT07SPWHT-WEBOO-AK,2.0
FIT-DBELL-FH-SLVBAR-CCSET-20KG,2.0
COVER-VC-BLK-08,2.0
LED08BLU-AK,4.0
FIT-AOXIN-WAIST-TRAINER-399,1.0
MC-KPR-MCA8-BRN,1.0
SMART08GRE-JXY-SQ-AK,1.0
PCHAIR-MN-MN003-GRY,1.0
100BALL-7-DB,1.0
BCN,1.0
EXT-WTY-3-S,4.0
RCHAIR-TB-MOON-WOOD,1.0
FIT-AOXIN-M3-ABC2D,1.0
2P7TTPK-AK,3.0
TMILL-6256A7PLUS,1.0
HBOAD-LX-6D5-WHT,3.0
TRAMPO-MERSCO-CT80BS-SC,2.0
ST04-RQ-348221-CLBLK,1.0
MDF08FOLDBLU-AK,3.0
MDF08FOLDRED-AK,2.0
BK-MONT-LS-ORG,1.0
LM-HC-240-RED,1.0
LM-HC-224CC-RED,1.0
SPWAL07GRE-AK,2.0
DOUGHNUT-YX-SMALL-JUMP-BED,1.0
ESCOT-SMINI-PINK,1.0
MDF08-DQ-P026-3IN1-BLK-AK,1.0
SMART07GRE-JXY-ROU-AK,1.0
WHTCCS,1.0
MDF07-DQ-P053-WBLU-AK,1.0
PARTS-SC-LX-CHARGER-11SQ,2.0
ST05COF-AK,2.0
MDF08COIN-DQ-P058-WOODGRE,1.0
SPWHT07BLU-AK,1.0
PARTS-GENERAL,209.0
BM-FC-SPT6000-BLK,1.0
SBAG5268-AK,2.0
FIT-KBELL-FH-10KG,2.0
3DHS2WB-6,2.0
SB09-DQ-1203-BLK,1.0
PARTS-SC-A3-SA-CHARGER,1.0
DH16BLK-AK,9.0
BK-SNOW-LX-R1ZCC-WHT,3.0
FIT-RB-BENCH-FID-006,4.0
PBED-MN-MN014-PNK,6.0
BUNKBED-ALBB-GT003-WOOD,1.0
SPINBIKE-AOXIN-QM1003-BLK,1.0
TRAMPO-TBND-1D5MFLAG-WHTGRE,1.0
MDF06FOLD-JXY-06FLD-GRE,1.0
MDF4IN107-JXY-ROTATING-BLK,4.0
PARTS-TM-AX-REMOTE-CONTRO-T100,1.0
AH04-RQ-148222-BLK,2.0
BSM-SKW-120W-BLK,1.0
PARTS-SC-LX-CHARGER-M365,2.0
SUP-YJ-INFLT-BOARD-10K-BWHT,1.0
FIT-DBELL-FH-CCHEXSET-40KG,1.0
SPBK08RED-AK,1.0
AHTOP-FAN-AK,5.0
GRAIL,1.0
SCOREBOARD-W-LP,1.0
SUP-YJ-INFLT-BOARD-BSBLU,1.0
216SB,1.0
216APB,1.0
216PT,1.0
CUE-57CROSS-57HBRG,2.0
PRIMO25-P-AK,2.0
3DHS3OB-6,2.0
TT-BATS-PRIME-A03X2,2.0
ESCOT-JL-24VCHICS18-BLKWHT,1.0
CART-TB-838-CHAM,2.0
MDF08-DQ-P028-BLK-ABC,2.0
2CUE36,1.0
PARTS-SC-LX-BRAKE-PAD-11SQSD,4.0
SPROOM-ALBB-M131222-WHT,1.0
SOFA-ALBB-DB170CM-BEIGE,2.0
FIT-DBELL-FH-SLVBAR-CCSET-40KG,2.0
BBELLCLIP-50MM,2.0
MPLAN-TENT-277,1.0
MDF07-JXY-CONVERT-WOODBLU,1.0
TENT-TB-ACT-GRY,1.0
CRB-XY-CB30-BLK,1.0
BIKE-ELLIP-AX-QM1001-WHT,1.0
CANDY-YX-SMALL-JUMP-BED,1.0
WINEC-TBHJ-170DB-WHT,1.0
WINEC-TBHJ-145DB-WHT,1.0
P16BT,5.0
ESCOT-ZN-F1-BRED,1.0
GYMMAT4M-YJ-LIGHTBLUE,1.0
FIT-RB-BCH-SQ-009A,1.0
google review extend 1 year waranty,0.0
MDF07-DQ-P035-3IN1-WOODBLK,1.0
ECUE12,2.0
FIT-WACC-FH-HAND-PROT01,1.0
ESCOT-XL-ES6S-WHT,1.0
DT07BLK-19-GRE-AK,1.0
Display-BK,256.0
TTABLE-ALBB-L70CM-BEIGE,1.0
AH10-AK,2.0
ESCOT-YD-13ACC2-PINKBLK,1.0
PART-MSPA-B0302925,1.0
DT07WHT-JXY-BLU-AK,1.0
PT16-BLU-AK,1.0
ST55-JX-1A017-WAL,1.0
AHACC16,2.0
FU-MC-MJ-T111,1.0
SP07-JX-920-GRY,1.0
BENCH-JX-920H-WHT,2.0
BK-PMK-PET009-RED,1.0
PT19-BLU-AK,1.0
SBAG-AOXIN-G14-AK,1.0
PBAR-TB-85130CM-BLU,2.0
TRAMPO-TB-H150CM-YLW,2.0
ESCOT-HY-C07AP-BLK,2.0
AHT04-RQ-148221-WAL,1.0
MC-KPR-MC822-BWHT,1.0
8TTPK-AK,2.0
TT-BAT-RB-BLK,3.0
TT-BAT-RB-BLU,3.0
BK-MONT-AKEZ-HX-GRY,2.0
BK-MONT-AKEZ-HX-WIN,1.0
ESCOT-XL-ESBOARD-BLK,1.0
Sofacover-COF-2,1.0
COVER-FL-SLV-09,1.0
MSCOT-YD-15AD17-WHT,1.0
MDF07-DQ-P035-3IN1-OAKBLK,1.0
BK-TB-20INCH-YLW,1.0
TT-BCN,1.0
COVER-RB-BLK-08,2.0
CCF-TBAGG-4IN1-WOOD,1.0
PARTS-BK-AKEZ-BATTERY-ELGA,2.0
EMWR-MN-BS016-BLK,1.0
BED-TB-W150CMB01-OAK,1.0
FIT-CHINUP-AOXIN-T055,1.0
UMBRELLA-AUTO-2S-40M-SLV,1.0
SOFA-ALBB-554774-BEIGE,1.0
EDESK-ALBB-T3C-BLK,1.0
HBOAD-LX-6D5-BLK,1.0
SP09-RS-ACURRA-GRYGRY,1.0
SC-TB-J3-GRY,2.0
KART-LX-XKD-BLK,1.0
FIT-FH-BENCH-FID-150,1.0
BK-ACC-HANDLE-MIRROR-COVER-BLK,2.0
FIT-FH-WPLATE-SET-40KG-SLV,1.0
PBARLS-MN-MN004-GRY,1.0
FIT-WACC-FH-WAIST-PROT-NOR,1.0
MDF07BLK-DQ-P031-BLK,1.0
BS-S018F,3.0
PRIMO188-UG-AK-OB,1.0
FURNI-CHAIR-CHD-909-BLK-RED,1.0
PARTS-SC-LX-MOT-TYRE-11SQ,1.0
COVER-VC-BLK-09,1.0
EMWR-MN-MNS05-OAK,1.0
CCF-TBSY-WM5IN1-PNK,1.0
MDF073IN1-DQ-P055-VINWOOD,1.0
ECHAIR-LX-OP106S-SLV-GREY,1.0
3DHS3WB-6,1.0
MC-YJ-S9B-KHAKI,1.0
PCOR-MN-MN005-GRY,1.0
2PT,2.0
EXTEND 1 YEAR WARANTY,0.0
BK-SNOW-CRUZ-SPK-WHT,1.0
MDF08FOLD-DQ-P038-3IN1-WBLU-AK,1.0
HOUSE-TB-H190CM-WHT,1.0
DB-TB-DIA1D5M-CLF,1.0
DH13BLK-AK,3.0
DSNET,2.0
DHS2OB-6,1.0
AH07-RQ-184221-WDWHT,2.0
MDF07JDBLU-AK,1.0
SAUNA-AN-YUF003-OAK,1.0
EXTENED 1 YEAR WARRANTY,3.0
TRAMPO-MERSCO-FT160BS-SC,1.0
SBAG-TBHOTMAN-KID-BLK,1.0
BK-ALBB-NZ20INCH40C-CLF,1.0
EXT-WTY-TT-3,1.0
2SB,3.0
SPWAL08GRE-AK,1.0
REFELT-3Y-SP07-08,1.0
DH16BLK-UG-AK-OB,1.0
MDF36ROU-DQ-PLC36-BRED,1.0
SMART08BLU-JXY-ROU-AK,1.0
SKIM-MN-BS018-BLK,2.0
LED08BLK-AK,1.0
DH13-AK,1.0
FSFFPT001,1.0
APLAN-CAMP-80,1.0
ESCOT-ZN-26A3KWSMD2U1-BLK,1.0
FIT-KBELL-FH-12KG,1.0
ESCOT-SA-A3-WHT,1.0
EXT-WTY-ESCOT-3-S,1.0
KART-LX-KID36V4A-BLK,1.0
DESK-HT-DS100X-WOOD,1.0
SCOREBOARD-W-SP,2.0
TRAMPO-MERSCO-RT-MSG-TX-6X9FT,2.0
BK-MONT-AKEZ002-GRY-RED,1.0
BACC-SKATE-HELMET-FOLD-SLV,1.0
ESCOT-ZN-SMDEEC06-BLK,1.0
FURNI-CHAIR-CHD-908-PNK-WHT,1.0
MDF073IN1-JXY-003-VINWOOD,1.0
CARPET-ALBB-160YLLY2-WHT,1.0
BIKE-SPIN-AOXIN-709,1.0
7MARK,3.0
TRAMPO-FJ-10FT1-SC,1.0
MDF08FOLDBLK-AK,1.0
BK-TB-26INCH-YLW,1.0
SBAG-TBHOTMAN-KID-SLV,1.0
BK-TBICOLOUR-20INCH7S-BBLU,1.0
AH04-RQ-148223-WOOD,1.0
BK-MONT-BMNZ-1P-GRE,1.0
FURNI-CD-126TOP-BLK,1.0
BK-MONT-AKEZ-YS-BLK,1.0
TT-BM-L-B,1.0
FIT-AK-M5-1A1B2E,2.0
FIT-DBELL-FH-SET-40KG,2.0
DH25-BLK-AK,2.0
MDF07BBLU-AK,1.0
ESCOT-M365PRO-SA-A11-ST-BLK,1.0
CHAIR-ALBB-H83CM-BLK,1.0
DT07WAL-JXY-GRE-AK,1.0
MSCOT-HH-BRETP88-RED,1.0
FURNI-CT-HT2F4212-BS-DM-WHT,1.0
TRAMPO-TB-H150CM-BLU,1.0
PARTS-SC-LX-PANEL-11SQ-22N,1.0
MPLAN-PLAYGROUND-79,1.0
BK-ALBB-14INCHBS-WHT,1.0
MDF04-RQ-248221-WDGRE,1.0
TRAMPO-MERSCO-SNET-8X11FT,1.0
TRAMPO-ALBB-ZY155-GRY,1.0
MSCOT-HH-MOB03B-RED,1.0
LED07BLK-AK,1.0
MDF08-DQ-P035-3IN1-WOODBLK,1.0
MPLAN-TENT-285,1.0
ESCOT-YS-KID1-BLU,1.0
ESCOT-YS-KID1-BLK,1.0
BK-TBYX-26INCH21S-BWHT,1.0
BACC-FFACE-HELMET-YEW,1.0
EXT-WTY-FIT-MEDIUM-1,1.0
BK-MONT-AKEZ001-WHT,1.0
BK-CITY-AKEZ-ELGA-SPK-WHT,1.0
BIKE-ELLIP-AX-QM1002-WHT,1.0
DHOUTDOOR600-UG-AK-OB,1.0
PT25-AK,1.0
ESCOT-M365MAX-LX-BLK,2.0
DESK-ALBB-WSC-WAL,1.0
ESCOT-SA-A11EBLS-BLK,1.0
FIT-DBELL-RB-RACK-2PR-WHT-001,1.0
MDF07-DQ-P026-3IN1-BLK,1.0
BK-CITY-AKEZ-ELGA-KT-BLK,1.0
PARTS-SC-LX-CHARGER-10A,1.0
CHAIR-TBLSG-SJPLUS-BLU,1.0
FURNI-CHAIR-CHD-807-BLK,1.0
SUP-YJ-INFLT-BOARD-14GK-BWBLU,1.0
BK-MONT-AKEZ-HX-KT-GRY,1.0
MDF08HDBLU-AK,1.0
SPWAL08BLU-AK,1.0
PARTS-BK-AKEZ-CONTRO-ELGA,1.0
MDF07WBLK-AK,1.0
AH07-JXY-5011-BLK,1.0
SPBK07BLU-AK,1.0
BUNKBED-CD-DBML-WHTBLU,1.0
TRAMPO-TPL-A1-12-RB-AB,1.0
TT-COVER-UP-210D-BLK,1.0
TRAMPO-FJ-4X6FT-DBLU,1.0
ESCOT-ZN-SMDX11PLUS-BYEW,1.0
MDF07DT-JXY-001-VINWOOD,1.0
ST046-RQ-354222-OAK,1.0
4ECUE12,1.0
SPDT08-FY-005-DGRY-AK,1.0
ESCOT-M365-LX-BLK,1.0
ECHAIR-LX-OP106S-BLK-ORG,1.0
SR-DQ-G01-BLK,1.0
TT-RS-RT02-WAL,1.0
BK-ALBB-16INCH3W-WIN,1.0
FIT-DBELL-FH-RACK-TRANG-3PR,1.0
